IMAGE_REF_ID,AGENT_ID,PROFILE_ID,FETCHED_DATE,RECEIVED_DATE,S3_ARN,LATITUDE,LONGITUDE,PROVINCE,DISTRICT,DS_DIVISION,GN_DIVISION,SALES_DISTRICT,SALES_REGION,DIALOG_COUNT,MOBITEL_COUNT,HUTCH_COUNT,AIRTEL_COUNT,DIALOG_AREA_PERCENTAGE,AIRTEL_AREA_PERCENTAGE,MOBITEL_AREA_PERCENTAGE,HUTCH_AREA_PERCENTAGE,INF_S3_ARN,PROFILE_NAME,SHAPEISO,SHAPEID,CAPTURE_PHASE,SALES_AREA
30758,71374,77035,2025-04-29 06:36:47.069,2025-04-25 10:42:49.654,arn:aws:s3:::retailer-brand-analysis/Prod/RETAILER/77035/2/ORIGINAL/image_30758.jpeg,9.2413949,80.8344918,,,,,Mullaitivu,Northern,3,0,0,0,100.00000000000000000,0.00000000000000000,0.00000000000000000,0.00000000000000000,arn:aws:s3:::retailer-brand-analysis/Prod/RETAILER/77035/2/INFERENCE/PRESENSE/image_30758.jpeg,Mallika Stores,,,4,Mullaitivu
30815,124251,54962,2025-04-29 06:36:47.069,2025-04-25 10:48:38.701,arn:aws:s3:::retailer-brand-analysis/Prod/RETAILER/54962/2/ORIGINAL/image_30815.jpeg,9.2413949,80.8344918,,,,,Mullaitivu,Northern,0,0,1,0,0.00000000000000000,0.00000000000000000,0.00000000000000000,100.00000000000000000,arn:aws:s3:::retailer-brand-analysis/Prod/RETAILER/54962/2/INFERENCE/PRESENSE/image_30815.jpeg,Jenith Stores,,,4,Mullaitivu
32663,71138,77055,2025-04-29 06:36:47.069,2025-04-26 09:52:22.234,arn:aws:s3:::retailer-brand-analysis/Prod/RETAILER/77055/2/ORIGINAL/image_32663.jpeg,0,0,,,,,Mullaitivu,Northern,1,0,1,0,95.28113988049639715,0.00000000000000000,0.00000000000000000,4.71886011950360018,arn:aws:s3:::retailer-brand-analysis/Prod/RETAILER/77055/2/INFERENCE/PRESENSE/image_32663.jpeg,Kaviyarasan Stores ,,,4,Mullaitivu
30770,66814,18234,2025-04-29 06:36:47.069,2025-04-25 10:44:12.955,arn:aws:s3:::retailer-brand-analysis/Prod/RETAILER/18234/2/ORIGINAL/image_30770.jpeg,,,,,,,Vavuniya,Northern,5,0,0,0,100.00000000000000000,0.00000000000000000,0.00000000000000000,0.00000000000000000,arn:aws:s3:::retailer-brand-analysis/Prod/RETAILER/18234/2/INFERENCE/PRESENSE/image_30770.jpeg,mini coop city,,,4,Vavuniya
30226,210323,160036,2025-04-26 06:39:54.380,2025-04-25 09:51:32.992,arn:aws:s3:::retailer-brand-analysis/Prod/RETAILER/160036/2/ORIGINAL/image_30226.jpeg,9.2607131,80.822985,,,,,Mullaitivu,Northern,1,0,0,0,100.00000000000000000,0.00000000000000000,0.00000000000000000,0.00000000000000000,arn:aws:s3:::retailer-brand-analysis/Prod/RETAILER/160036/2/INFERENCE/PRESENSE/image_30226.jpeg,NIJANTHAN STORES ,,,4,Mullaitivu
30203,68559,55061,2025-04-26 06:39:54.380,2025-04-25 09:48:00.097,arn:aws:s3:::retailer-brand-analysis/Prod/RETAILER/55061/2/ORIGINAL/image_30203.jpeg,9.2607131,80.822985,,,,,Mullaitivu,Northern,1,3,0,1,19.70376700135298620,19.66816207363099167,60.62807092501601858,0.00000000000000000,arn:aws:s3:::retailer-brand-analysis/Prod/RETAILER/55061/2/INFERENCE/PRESENSE/image_30203.jpeg,Vikna Stores,,,4,Mullaitivu
29151,1933992,1501626,2025-04-26 06:39:54.380,2025-04-24 12:23:36.199,arn:aws:s3:::retailer-brand-analysis/Prod/RETAILER/1501626/2/ORIGINAL/image_29151.jpeg,9.6776589,79.8445548,,,,,Jaffna,Northern,8,0,0,0,100.00000000000000000,0.00000000000000000,0.00000000000000000,0.00000000000000000,arn:aws:s3:::retailer-brand-analysis/Prod/RETAILER/1501626/2/INFERENCE/PRESENSE/image_29151.jpeg,Livingsan store,,,4,Jaffna Inner
31298,199863,151136,2025-04-26 06:39:54.380,2025-04-25 11:42:01.338,arn:aws:s3:::retailer-brand-analysis/Prod/RETAILER/151136/2/ORIGINAL/image_31298.jpeg,9.2711956,80.8174457,,,,,Mullaitivu,Northern,4,0,1,0,96.34291439664349355,0.00000000000000000,0.00000000000000000,3.65708560335650334,arn:aws:s3:::retailer-brand-analysis/Prod/RETAILER/151136/2/INFERENCE/PRESENSE/image_31298.jpeg,Lenhen Tea  Shop,,,4,Mullaitivu
35944,103824,93396,2025-05-03 06:35:02.873,2025-04-30 14:39:17.750,arn:aws:s3:::retailer-brand-analysis/Prod/RETAILER/93396/2/ORIGINAL/image_35944.jpeg,6.7802537,80.36193,Sabaragamuwa,Rathnapura,Kuruwita,Delgamuwa,Rathnapura,Uva Sabaragamuwa,0,2,1,0,0.00000000000000000,0.00000000000000000,52.32927474854420780,47.67072525145579931,arn:aws:s3:::retailer-brand-analysis/Prod/RETAILER/93396/2/INFERENCE/PRESENSE/image_35944.jpeg,A N R TRADE CENTER ,LK-91,,4,Rathnapura 1
34223,65929,50968,2025-05-03 06:35:02.873,2025-04-28 11:39:20.542,arn:aws:s3:::retailer-brand-analysis/Prod/RETAILER/50968/2/ORIGINAL/image_34223.jpeg,9.7706273,79.9530199,Northern,Jaffna,Sandilipay,Vadaliadaippu,Jaffna,Northern,5,0,0,0,100.00000000000000000,0.00000000000000000,0.00000000000000000,0.00000000000000000,arn:aws:s3:::retailer-brand-analysis/Prod/RETAILER/50968/2/INFERENCE/PRESENSE/image_34223.jpeg,AMBAL STORES,LK-41,,4,Jaffna Inner
35257,1470032,1168326,2025-05-03 06:35:02.873,2025-04-29 14:00:10.419,arn:aws:s3:::retailer-brand-analysis/Prod/RETAILER/1168326/2/ORIGINAL/image_35257.jpeg,9.6785714,80.1477656,Northern,Jaffna,Chavakachcheri,Kalvayal,Jaffna,Northern,0,6,0,0,0.00000000000000000,0.00000000000000000,100.00000000000000000,0.00000000000000000,arn:aws:s3:::retailer-brand-analysis/Prod/RETAILER/1168326/2/INFERENCE/PRESENSE/image_35257.jpeg,THENU MULTY CENTER,LK-41,,4,Jaffna Outer
33878,1148312,891846,2025-05-03 06:35:02.873,2025-04-26 13:54:03.984,arn:aws:s3:::retailer-brand-analysis/Prod/RETAILER/891846/2/ORIGINAL/image_33878.jpeg,9.7726683,80.0690333,Northern,Jaffna,Tellipallai,Vayavilan West,Jaffna,Northern,1,0,0,0,100.00000000000000000,0.00000000000000000,0.00000000000000000,0.00000000000000000,arn:aws:s3:::retailer-brand-analysis/Prod/RETAILER/891846/2/INFERENCE/PRESENSE/image_33878.jpeg,Kajarupan Multy,LK-41,,4,Jaffna Inner
32686,210067,159798,2025-05-03 06:35:02.873,2025-04-26 09:55:06.647,arn:aws:s3:::retailer-brand-analysis/Prod/RETAILER/159798/2/ORIGINAL/image_32686.jpeg,9.7596553,80.0294144,Northern,Jaffna,Tellipallai,Mallakam Centre,Jaffna,Northern,0,0,0,0,0.00000000000000000,0.00000000000000000,0.00000000000000000,0.00000000000000000,arn:aws:s3:::retailer-brand-analysis/Prod/RETAILER/159798/2/INFERENCE/PRESENSE/image_32686.jpeg,Eveready Multi Phone shop,LK-41,,4,Jaffna Inner
35511,67464,44737,2025-05-03 06:35:02.873,2025-04-30 10:10:32.314,arn:aws:s3:::retailer-brand-analysis/Prod/RETAILER/44737/2/ORIGINAL/image_35511.jpeg,9.6579528,80.1675071,Northern,Jaffna,Chavakachcheri,Kovilkudyiruppu,Jaffna,Northern,1,0,0,0,100.00000000000000000,0.00000000000000000,0.00000000000000000,0.00000000000000000,arn:aws:s3:::retailer-brand-analysis/Prod/RETAILER/44737/2/INFERENCE/PRESENSE/image_35511.jpeg,Thiposan Stores,LK-41,,4,Jaffna Outer
35259,199735,151167,2025-05-03 06:35:02.873,2025-04-29 14:02:09.708,arn:aws:s3:::retailer-brand-analysis/Prod/RETAILER/151167/2/ORIGINAL/image_35259.jpeg,9.6822039,80.1867122,Northern,Jaffna,Chavakachcheri,Meesalai South,Jaffna,Northern,1,0,0,0,100.00000000000000000,0.00000000000000000,0.00000000000000000,0.00000000000000000,arn:aws:s3:::retailer-brand-analysis/Prod/RETAILER/151167/2/INFERENCE/PRESENSE/image_35259.jpeg,THARISAN ENTERPRISES ,LK-41,,4,Jaffna Outer
33651,86184,83510,2025-05-03 06:35:02.873,2025-04-26 12:49:22.358,arn:aws:s3:::retailer-brand-analysis/Prod/RETAILER/83510/2/ORIGINAL/image_33651.jpeg,9.761281,80.0774344,Northern,Jaffna,Uduvil,Evenai,Jaffna,Northern,0,0,0,0,0.00000000000000000,0.00000000000000000,0.00000000000000000,0.00000000000000000,arn:aws:s3:::retailer-brand-analysis/Prod/RETAILER/83510/2/INFERENCE/PRESENSE/image_33651.jpeg,SURESH  STORES,LK-41,,4,Jaffna Inner
35253,2069843,1621557,2025-05-02 06:34:48.030,2025-04-29 13:59:47.232,arn:aws:s3:::retailer-brand-analysis/Prod/RETAILER/1621557/2/ORIGINAL/image_35253.jpeg,9.6825511,80.1858476,Northern,Jaffna,Chavakachcheri,Meesalai South,Jaffna,Northern,0,0,0,0,0.00000000000000000,0.00000000000000000,0.00000000000000000,0.00000000000000000,arn:aws:s3:::retailer-brand-analysis/Prod/RETAILER/1621557/2/INFERENCE/PRESENSE/image_35253.jpeg,Ampal store,LK-41,,4,Jaffna Outer
30759,2087663,1634677,2025-04-29 06:36:47.069,2025-04-25 10:42:51.869,arn:aws:s3:::retailer-brand-analysis/Prod/RETAILER/1634677/2/ORIGINAL/image_30759.jpeg,9.7551747,80.0379621,Northern,Jaffna,Uduvil,Erlalai South,Jaffna,Northern,2,0,0,0,100.00000000000000000,0.00000000000000000,0.00000000000000000,0.00000000000000000,arn:aws:s3:::retailer-brand-analysis/Prod/RETAILER/1634677/2/INFERENCE/PRESENSE/image_30759.jpeg,Jakeesan Store.,LK-41,,4,Jaffna Inner
30602,2187943,1711577,2025-04-29 06:36:47.069,2025-04-25 10:27:23.560,arn:aws:s3:::retailer-brand-analysis/Prod/RETAILER/1711577/2/ORIGINAL/image_30602.jpeg,9.5793687,79.8305496,Northern,Jaffna,Velanai,Pungudutivu South,Jaffna,Northern,0,0,0,0,0.00000000000000000,0.00000000000000000,0.00000000000000000,0.00000000000000000,arn:aws:s3:::retailer-brand-analysis/Prod/RETAILER/1711577/2/INFERENCE/PRESENSE/image_30602.jpeg,Sivan fancy,LK-41,,4,Jaffna Inner
30624,1362412,1082646,2025-04-29 06:36:47.069,2025-04-25 10:29:52.379,arn:aws:s3:::retailer-brand-analysis/Prod/RETAILER/1082646/2/ORIGINAL/image_30624.jpeg,9.710542,79.9877078,Northern,Jaffna,Sandilipay,Navali East,Jaffna,Northern,3,0,0,1,88.53224116582532588,11.46775883417468300,0.00000000000000000,0.00000000000000000,arn:aws:s3:::retailer-brand-analysis/Prod/RETAILER/1082646/2/INFERENCE/PRESENSE/image_30624.jpeg,Sivakaran store,LK-41,,4,Jaffna Inner
30686,66613,23827,2025-04-29 06:36:47.069,2025-04-25 10:36:14.893,arn:aws:s3:::retailer-brand-analysis/Prod/RETAILER/23827/2/ORIGINAL/image_30686.jpeg,9.7128911,79.9857175,Northern,Jaffna,Sandilipay,Navali East,Jaffna,Northern,2,0,1,12,5.96280214549422993,83.49316181763299483,0.00000000000000000,10.54403603687277879,arn:aws:s3:::retailer-brand-analysis/Prod/RETAILER/23827/2/INFERENCE/PRESENSE/image_30686.jpeg,Suthas Stores,LK-41,,4,Jaffna Inner
30769,65832,24255,2025-04-29 06:36:47.069,2025-04-25 10:44:01.043,arn:aws:s3:::retailer-brand-analysis/Prod/RETAILER/24255/2/ORIGINAL/image_30769.jpeg,9.7692664,80.117559,Northern,Jaffna,Kopay,Atchuvely South,Jaffna,Northern,5,1,0,1,73.23088597988996185,18.11800417378106687,8.65110984632896951,0.00000000000000000,arn:aws:s3:::retailer-brand-analysis/Prod/RETAILER/24255/2/INFERENCE/PRESENSE/image_30769.jpeg,ASHANTHAS STORES,LK-41,,4,Jaffna Inner
30825,850212,673646,2025-04-29 06:36:47.069,2025-04-25 10:49:26.452,arn:aws:s3:::retailer-brand-analysis/Prod/RETAILER/673646/2/ORIGINAL/image_30825.jpeg,9.5793687,79.8305496,Northern,Jaffna,Velanai,Pungudutivu South,Jaffna,Northern,2,0,0,0,100.00000000000000000,0.00000000000000000,0.00000000000000000,0.00000000000000000,arn:aws:s3:::retailer-brand-analysis/Prod/RETAILER/673646/2/INFERENCE/PRESENSE/image_30825.jpeg,MATHURAN STORES,LK-41,,4,Jaffna Inner
32691,215333,164233,2025-04-29 06:36:47.069,2025-04-26 09:55:20.797,arn:aws:s3:::retailer-brand-analysis/Prod/RETAILER/164233/2/ORIGINAL/image_32691.jpeg,8.7970232,79.9386118,Northern,Mannar,Musalai,Arippu East,Mannar,Northern,0,0,0,0,0.00000000000000000,0.00000000000000000,0.00000000000000000,0.00000000000000000,arn:aws:s3:::retailer-brand-analysis/Prod/RETAILER/164233/2/INFERENCE/PRESENSE/image_32691.jpeg,F.R Kilansan Multi -02,LK-43,,4,Mannar
32593,66390,22795,2025-04-29 06:36:47.069,2025-04-26 09:45:08.297,arn:aws:s3:::retailer-brand-analysis/Prod/RETAILER/22795/2/ORIGINAL/image_32593.jpeg,9.7641798,80.0260705,Northern,Jaffna,Tellipallai,Mallakam North,Jaffna,Northern,0,0,0,0,0.00000000000000000,0.00000000000000000,0.00000000000000000,0.00000000000000000,arn:aws:s3:::retailer-brand-analysis/Prod/RETAILER/22795/2/INFERENCE/PRESENSE/image_32593.jpeg,Keethan Stores,LK-41,,4,Jaffna Inner
32671,1895352,1476506,2025-04-29 06:36:47.069,2025-04-26 09:52:47.578,arn:aws:s3:::retailer-brand-analysis/Prod/RETAILER/1476506/2/ORIGINAL/image_32671.jpeg,9.7641798,80.0260705,Northern,Jaffna,Tellipallai,Mallakam North,Jaffna,Northern,6,0,0,0,100.00000000000000000,0.00000000000000000,0.00000000000000000,0.00000000000000000,arn:aws:s3:::retailer-brand-analysis/Prod/RETAILER/1476506/2/INFERENCE/PRESENSE/image_32671.jpeg,Dragan makers,LK-41,,4,Jaffna Inner
33103,947812,745446,2025-04-29 06:36:47.069,2025-04-26 10:50:02.791,arn:aws:s3:::retailer-brand-analysis/Prod/RETAILER/745446/2/ORIGINAL/image_33103.jpeg,9.734881,79.9425291,Northern,Jaffna,Chankanai,Vedducoddai South West (North),Jaffna,Northern,0,0,0,0,0.00000000000000000,0.00000000000000000,0.00000000000000000,0.00000000000000000,arn:aws:s3:::retailer-brand-analysis/Prod/RETAILER/745446/2/INFERENCE/PRESENSE/image_33103.jpeg,THIVIJA STORE,LK-41,,4,Jaffna Inner
30679,167599,129479,2025-04-29 06:36:47.069,2025-04-25 10:35:51.750,arn:aws:s3:::retailer-brand-analysis/Prod/RETAILER/129479/2/ORIGINAL/image_30679.jpeg,9.7792537,79.988679,Northern,Jaffna,Sandilipay,Periyavillan,Jaffna,Northern,0,1,0,1,0.00000000000000000,13.30842196033342972,86.69157803966656672,0.00000000000000000,arn:aws:s3:::retailer-brand-analysis/Prod/RETAILER/129479/2/INFERENCE/PRESENSE/image_30679.jpeg,Tharanikan Stores ,LK-41,,4,Jaffna Inner
33111,71612,27809,2025-04-29 06:36:47.069,2025-04-26 10:51:13.212,arn:aws:s3:::retailer-brand-analysis/Prod/RETAILER/27809/2/ORIGINAL/image_33111.jpeg,9.7218605,80.0732236,Northern,Jaffna,Kopay,Neervely South,Jaffna,Northern,1,1,0,0,95.89638368812516944,0.00000000000000000,4.10361631187483944,0.00000000000000000,arn:aws:s3:::retailer-brand-analysis/Prod/RETAILER/27809/2/INFERENCE/PRESENSE/image_33111.jpeg,Bavalam Store ,LK-41,,4,Jaffna Inner
33972,83665,87996,2025-04-29 06:36:47.069,2025-04-26 15:44:22.570,arn:aws:s3:::retailer-brand-analysis/Prod/RETAILER/87996/2/ORIGINAL/image_33972.jpeg,8.7519828,79.9506397,Northern,Mannar,Musalai,Chilavathurai,Mannar,Northern,9,2,1,0,74.71889287038180782,0.00000000000000000,14.48165080934140647,10.79945632027678215,arn:aws:s3:::retailer-brand-analysis/Prod/RETAILER/87996/2/INFERENCE/PRESENSE/image_33972.jpeg,T.S.T  .STORES ,LK-43,,4,Mannar
33106,155924,126428,2025-04-29 06:36:47.069,2025-04-26 10:50:17.011,arn:aws:s3:::retailer-brand-analysis/Prod/RETAILER/126428/2/ORIGINAL/image_33106.jpeg,8.6041399,80.3702147,Northern,Vavuniya,Vengalacheddiculam,Neriyakulam,Vavuniya,Northern,1,0,0,0,100.00000000000000000,0.00000000000000000,0.00000000000000000,0.00000000000000000,arn:aws:s3:::retailer-brand-analysis/Prod/RETAILER/126428/2/INFERENCE/PRESENSE/image_33106.jpeg,U.k Fancy,LK-44,,4,Vavuniya
33077,67946,60650,2025-04-29 06:36:47.069,2025-04-26 10:45:46.857,arn:aws:s3:::retailer-brand-analysis/Prod/RETAILER/60650/2/ORIGINAL/image_33077.jpeg,8.7595259,79.9572158,Northern,Mannar,Musalai,Kollankulam,Mannar,Northern,4,0,0,0,100.00000000000000000,0.00000000000000000,0.00000000000000000,0.00000000000000000,arn:aws:s3:::retailer-brand-analysis/Prod/RETAILER/60650/2/INFERENCE/PRESENSE/image_33077.jpeg,Rimasha store,LK-43,,4,Mannar
30772,184666,138349,2025-04-29 06:36:47.069,2025-04-25 10:44:16.408,arn:aws:s3:::retailer-brand-analysis/Prod/RETAILER/138349/2/ORIGINAL/image_30772.jpeg,9.7551747,80.0379621,Northern,Jaffna,Uduvil,Erlalai South,Jaffna,Northern,0,0,0,0,0.00000000000000000,0.00000000000000000,0.00000000000000000,0.00000000000000000,arn:aws:s3:::retailer-brand-analysis/Prod/RETAILER/138349/2/INFERENCE/PRESENSE/image_30772.jpeg,Abisan Stores,LK-41,,4,Jaffna Inner
30657,69046,72341,2025-04-29 06:36:47.069,2025-04-25 10:32:59.332,arn:aws:s3:::retailer-brand-analysis/Prod/RETAILER/72341/2/ORIGINAL/image_30657.jpeg,9.7128911,79.9857175,Northern,Jaffna,Sandilipay,Navali East,Jaffna,Northern,8,0,0,0,100.00000000000000000,0.00000000000000000,0.00000000000000000,0.00000000000000000,arn:aws:s3:::retailer-brand-analysis/Prod/RETAILER/72341/2/INFERENCE/PRESENSE/image_30657.jpeg,Jeeva Stores,LK-41,,4,Jaffna Inner
33107,212749,161891,2025-04-29 06:36:47.069,2025-04-26 10:50:32.803,arn:aws:s3:::retailer-brand-analysis/Prod/RETAILER/161891/2/ORIGINAL/image_33107.jpeg,9.7446323,80.08719,Northern,Jaffna,Kopay,Sirupiddy West,Jaffna,Northern,1,0,0,0,100.00000000000000000,0.00000000000000000,0.00000000000000000,0.00000000000000000,arn:aws:s3:::retailer-brand-analysis/Prod/RETAILER/161891/2/INFERENCE/PRESENSE/image_33107.jpeg,Makesram Store,LK-41,,4,Jaffna Inner
30664,1471552,1169286,2025-04-29 06:36:47.069,2025-04-25 10:33:33.394,arn:aws:s3:::retailer-brand-analysis/Prod/RETAILER/1169286/2/ORIGINAL/image_30664.jpeg,9.7176061,80.0151327,Northern,Jaffna,Uduvil,Inuvil South West,Jaffna,Northern,0,1,0,0,0.00000000000000000,0.00000000000000000,100.00000000000000000,0.00000000000000000,arn:aws:s3:::retailer-brand-analysis/Prod/RETAILER/1169286/2/INFERENCE/PRESENSE/image_30664.jpeg,Saraswathy stores,LK-41,,4,Jaffna Inner
31369,65546,59531,2025-04-26 06:40:52.155,2025-04-25 11:53:00.704,arn:aws:s3:::retailer-brand-analysis/Prod/RETAILER/59531/2/ORIGINAL/image_31369.jpeg,9.7242022,80.0167048,Northern,Jaffna,Uduvil,Uduvil South  East,Jaffna,Northern,1,0,0,0,100.00000000000000000,0.00000000000000000,0.00000000000000000,0.00000000000000000,arn:aws:s3:::retailer-brand-analysis/Prod/RETAILER/59531/2/INFERENCE/PRESENSE/image_31369.jpeg,Thankan Stores,LK-41,,4,Jaffna Inner
31243,86247,83495,2025-04-26 06:40:52.155,2025-04-25 11:33:55.338,arn:aws:s3:::retailer-brand-analysis/Prod/RETAILER/83495/2/ORIGINAL/image_31243.jpeg,9.7424227,80.0704301,Northern,Jaffna,Kopay,Atchelu,Jaffna,Northern,0,0,0,0,0.00000000000000000,0.00000000000000000,0.00000000000000000,0.00000000000000000,arn:aws:s3:::retailer-brand-analysis/Prod/RETAILER/83495/2/INFERENCE/PRESENSE/image_31243.jpeg,KETHEES  STORES,LK-41,,4,Jaffna Inner
30981,66622,51523,2025-04-26 06:40:52.155,2025-04-25 11:05:39.906,arn:aws:s3:::retailer-brand-analysis/Prod/RETAILER/51523/2/ORIGINAL/image_30981.jpeg,9.7275673,79.9861702,Northern,Jaffna,Sandilipay,Manipay West,Jaffna,Northern,1,3,0,1,9.11228689006466830,23.13345091122868880,67.75426219870664113,0.00000000000000000,arn:aws:s3:::retailer-brand-analysis/Prod/RETAILER/51523/2/INFERENCE/PRESENSE/image_30981.jpeg,Suresh Stores,LK-41,,4,Jaffna Inner
31360,220974,168418,2025-04-26 06:40:52.155,2025-04-25 11:50:51.579,arn:aws:s3:::retailer-brand-analysis/Prod/RETAILER/168418/2/ORIGINAL/image_31360.jpeg,7.1399808,81.2248608,Uva,Moneragala,Bibila,Ambelanda,Monaragala,Uva Sabaragamuwa,9,0,0,0,100.00000000000000000,0.00000000000000000,0.00000000000000000,0.00000000000000000,arn:aws:s3:::retailer-brand-analysis/Prod/RETAILER/168418/2/INFERENCE/PRESENSE/image_31360.jpeg,ES creations,LK-82,,4,Monaragala 1
30390,66282,5962,2025-04-26 06:40:52.155,2025-04-25 10:07:16.200,arn:aws:s3:::retailer-brand-analysis/Prod/RETAILER/5962/2/ORIGINAL/image_30390.jpeg,9.7061264,79.9922385,Northern,Jaffna,Sandilipay,Anaikoddai,Jaffna,Northern,6,7,5,5,14.66733185178466314,35.48006712322554534,40.39034272151420168,9.46225830347559160,arn:aws:s3:::retailer-brand-analysis/Prod/RETAILER/5962/2/INFERENCE/PRESENSE/image_30390.jpeg,Abinayan Stores,LK-41,,4,Jaffna Inner
28312,92837,86932,2025-04-26 06:40:52.155,2025-04-24 10:47:55.856,arn:aws:s3:::retailer-brand-analysis/Prod/RETAILER/86932/2/ORIGINAL/image_28312.jpeg,9.701346,79.8629533,Northern,Jaffna,Kayts,Kayts,Jaffna,Northern,12,5,3,1,72.05937800265145654,2.21238399883238657,18.30051447962149780,7.42772351889465909,arn:aws:s3:::retailer-brand-analysis/Prod/RETAILER/86932/2/INFERENCE/PRESENSE/image_28312.jpeg,KIRI TAMIL PHONE SHOP,LK-41,,4,Jaffna Inner
30960,210757,160245,2025-04-26 06:40:52.155,2025-04-25 11:02:47.736,arn:aws:s3:::retailer-brand-analysis/Prod/RETAILER/160245/2/ORIGINAL/image_30960.jpeg,9.7319598,79.983436,Northern,Jaffna,Sandilipay,Manipay West,Jaffna,Northern,3,0,2,1,52.04226183449415544,32.12135521189942011,0.00000000000000000,15.83638295360642267,arn:aws:s3:::retailer-brand-analysis/Prod/RETAILER/160245/2/INFERENCE/PRESENSE/image_30960.jpeg,Kishani store,LK-41,,4,Jaffna Inner
28277,195351,147293,2025-04-26 06:40:52.155,2025-04-24 10:44:48.825,arn:aws:s3:::retailer-brand-analysis/Prod/RETAILER/147293/2/ORIGINAL/image_28277.jpeg,7.1504023,81.0566633,Uva,Badulla,Meegahakivula,Aggalaulpatha,Badulla,Uva Sabaragamuwa,4,0,0,0,100.00000000000000000,0.00000000000000000,0.00000000000000000,0.00000000000000000,arn:aws:s3:::retailer-brand-analysis/Prod/RETAILER/147293/2/INFERENCE/PRESENSE/image_28277.jpeg,THARINDU STORES,LK-81,,4,Badulla 3
30397,71617,48872,2025-04-26 06:40:52.155,2025-04-25 10:08:26.751,arn:aws:s3:::retailer-brand-analysis/Prod/RETAILER/48872/2/ORIGINAL/image_30397.jpeg,9.7280112,80.07383,Northern,Jaffna,Kopay,Neervely North,Jaffna,Northern,1,0,0,0,100.00000000000000000,0.00000000000000000,0.00000000000000000,0.00000000000000000,arn:aws:s3:::retailer-brand-analysis/Prod/RETAILER/48872/2/INFERENCE/PRESENSE/image_30397.jpeg,Karan Store,LK-41,,4,Jaffna Inner
31286,1822312,1426086,2025-04-26 06:40:52.155,2025-04-25 11:40:10.978,arn:aws:s3:::retailer-brand-analysis/Prod/RETAILER/1426086/2/ORIGINAL/image_31286.jpeg,8.707872,80.3428657,Northern,Vavuniya,Vengalacheddiculam,Kurukkalputhukullam,Vavuniya,Northern,1,2,0,0,14.14059325477447970,0.00000000000000000,85.85940674522551319,0.00000000000000000,arn:aws:s3:::retailer-brand-analysis/Prod/RETAILER/1426086/2/INFERENCE/PRESENSE/image_31286.jpeg,MUTHTHUMARI  AMMAN  MULTISHOP,LK-44,,4,Vavuniya
31374,222826,302540,2025-04-26 06:40:52.155,2025-04-25 11:53:55.775,arn:aws:s3:::retailer-brand-analysis/Prod/RETAILER/302540/2/ORIGINAL/image_31374.jpeg,7.1399808,81.2248608,Uva,Moneragala,Bibila,Ambelanda,Monaragala,Uva Sabaragamuwa,4,0,0,0,100.00000000000000000,0.00000000000000000,0.00000000000000000,0.00000000000000000,arn:aws:s3:::retailer-brand-analysis/Prod/RETAILER/302540/2/INFERENCE/PRESENSE/image_31374.jpeg,Aranda book shop,LK-82,,4,Monaragala 1
30381,1170292,929586,2025-04-26 06:40:52.155,2025-04-25 10:06:43.865,arn:aws:s3:::retailer-brand-analysis/Prod/RETAILER/929586/2/ORIGINAL/image_30381.jpeg,9.7541313,79.9833909,Northern,Jaffna,Sandilipay,Sandilipay North,Jaffna,Northern,7,0,1,0,91.15260785576303704,0.00000000000000000,0.00000000000000000,8.84739214423696119,arn:aws:s3:::retailer-brand-analysis/Prod/RETAILER/929586/2/INFERENCE/PRESENSE/image_30381.jpeg,Amman Store.,LK-41,,4,Jaffna Inner
29192,52216,49128,2025-04-26 06:40:52.155,2025-04-24 12:28:30.582,arn:aws:s3:::retailer-brand-analysis/Prod/RETAILER/49128/2/ORIGINAL/image_29192.jpeg,6.8687307,81.347875,Uva,Moneragala,Moneragala,Viharamulla,Monaragala,Uva Sabaragamuwa,2,0,1,0,98.93363103491593336,0.00000000000000000,0.00000000000000000,1.06636896508406043,arn:aws:s3:::retailer-brand-analysis/Prod/RETAILER/49128/2/INFERENCE/PRESENSE/image_29192.jpeg,Disura Com,LK-82,,4,Monaragala 1
30388,66282,5962,2025-04-26 06:40:52.155,2025-04-25 10:07:12.363,arn:aws:s3:::retailer-brand-analysis/Prod/RETAILER/5962/2/ORIGINAL/image_30388.jpeg,9.7061264,79.9922385,Northern,Jaffna,Sandilipay,Anaikoddai,Jaffna,Northern,6,7,5,5,14.66733185178466314,35.48006712322554534,40.39034272151420168,9.46225830347559160,arn:aws:s3:::retailer-brand-analysis/Prod/RETAILER/5962/2/INFERENCE/PRESENSE/image_30388.jpeg,Abinayan Stores,LK-41,,4,Jaffna Inner
28267,70849,1624,2025-04-26 06:40:52.155,2025-04-24 10:44:06.094,arn:aws:s3:::retailer-brand-analysis/Prod/RETAILER/1624/2/ORIGINAL/image_28267.jpeg,9.7081081,79.9442777,Northern,Jaffna,Chankanai,Arali South,Jaffna,Northern,1,3,2,1,50.82133125729856005,4.61658232775398947,42.14350590372389149,2.41858051122356299,arn:aws:s3:::retailer-brand-analysis/Prod/RETAILER/1624/2/INFERENCE/PRESENSE/image_28267.jpeg,Ambal Stores[38513],LK-41,,4,Jaffna Inner
31972,66794,31604,2025-04-26 06:40:52.155,2025-04-25 14:02:39.211,arn:aws:s3:::retailer-brand-analysis/Prod/RETAILER/31604/2/ORIGINAL/image_31972.jpeg,8.696365,80.2706362,Northern,Vavuniya,Vengalacheddiculam,Andiyapuliyankulam,Vavuniya,Northern,0,1,0,0,0.00000000000000000,0.00000000000000000,100.00000000000000000,0.00000000000000000,arn:aws:s3:::retailer-brand-analysis/Prod/RETAILER/31604/2/INFERENCE/PRESENSE/image_31972.jpeg,THARMASEELAN STORES.,LK-44,,4,Vavuniya
31226,726132,587726,2025-04-26 06:40:52.155,2025-04-25 11:32:13.411,arn:aws:s3:::retailer-brand-analysis/Prod/RETAILER/587726/2/ORIGINAL/image_31226.jpeg,8.707872,80.3428657,Northern,Vavuniya,Vengalacheddiculam,Kurukkalputhukullam,Vavuniya,Northern,3,0,0,1,53.70286527391500897,46.29713472608499103,0.00000000000000000,0.00000000000000000,arn:aws:s3:::retailer-brand-analysis/Prod/RETAILER/587726/2/INFERENCE/PRESENSE/image_31226.jpeg,Dishanthini Store,LK-44,,4,Vavuniya
30974,553132,471306,2025-04-26 06:40:52.155,2025-04-25 11:05:11.776,arn:aws:s3:::retailer-brand-analysis/Prod/RETAILER/471306/2/ORIGINAL/image_30974.jpeg,9.7295632,80.0896339,Northern,Jaffna,Kopay,Sirupiddy East,Jaffna,Northern,0,0,0,0,0.00000000000000000,0.00000000000000000,0.00000000000000000,0.00000000000000000,arn:aws:s3:::retailer-brand-analysis/Prod/RETAILER/471306/2/INFERENCE/PRESENSE/image_30974.jpeg,Vimal Store,LK-41,,4,Jaffna Inner
32025,1073092,834746,2025-04-26 06:40:52.155,2025-04-25 14:16:21.680,arn:aws:s3:::retailer-brand-analysis/Prod/RETAILER/834746/2/ORIGINAL/image_32025.jpeg,9.7721307,80.1095314,Northern,Jaffna,Kopay,Atchuvely South,Jaffna,Northern,1,0,0,0,100.00000000000000000,0.00000000000000000,0.00000000000000000,0.00000000000000000,arn:aws:s3:::retailer-brand-analysis/Prod/RETAILER/834746/2/INFERENCE/PRESENSE/image_32025.jpeg,Ratha stores,LK-41,,4,Jaffna Inner
31978,55792,12533,2025-04-26 06:40:52.155,2025-04-25 14:03:16.996,arn:aws:s3:::retailer-brand-analysis/Prod/RETAILER/12533/2/ORIGINAL/image_31978.jpeg,7.1701227,81.0039262,Uva,Badulla,Kandaketiya,Kandaqketiya,Badulla,Uva Sabaragamuwa,4,0,0,3,95.82770460430035087,4.17229539569965091,0.00000000000000000,0.00000000000000000,arn:aws:s3:::retailer-brand-analysis/Prod/RETAILER/12533/2/INFERENCE/PRESENSE/image_31978.jpeg,Shan 4n Center,LK-81,,4,Badulla 3
30401,68901,72420,2025-04-26 06:40:52.155,2025-04-25 10:08:42.313,arn:aws:s3:::retailer-brand-analysis/Prod/RETAILER/72420/2/ORIGINAL/image_30401.jpeg,9.7109108,80.0162874,Northern,Jaffna,Uduvil,Thavady North,Jaffna,Northern,0,0,0,0,0.00000000000000000,0.00000000000000000,0.00000000000000000,0.00000000000000000,arn:aws:s3:::retailer-brand-analysis/Prod/RETAILER/72420/2/INFERENCE/PRESENSE/image_30401.jpeg,Anna Coffee,LK-41,,4,Jaffna Inner
28315,55446,49131,2025-04-26 06:40:52.155,2025-04-24 10:48:06.955,arn:aws:s3:::retailer-brand-analysis/Prod/RETAILER/49131/2/ORIGINAL/image_28315.jpeg,6.8572515,81.3402763,Uva,Moneragala,Moneragala,Muppane,Monaragala,Uva Sabaragamuwa,4,0,0,1,96.79785362114323277,3.20214637885677478,0.00000000000000000,0.00000000000000000,arn:aws:s3:::retailer-brand-analysis/Prod/RETAILER/49131/2/INFERENCE/PRESENSE/image_28315.jpeg,Easy Net,LK-82,,4,Monaragala 1
31182,202884,81853,2025-04-26 06:40:52.155,2025-04-25 11:25:27.613,arn:aws:s3:::retailer-brand-analysis/Prod/RETAILER/81853/2/ORIGINAL/image_31182.jpeg,6.872212,81.3501396,Uva,Moneragala,Moneragala,Moneragala,Monaragala,Uva Sabaragamuwa,0,1,0,0,0.00000000000000000,0.00000000000000000,100.00000000000000000,0.00000000000000000,arn:aws:s3:::retailer-brand-analysis/Prod/RETAILER/81853/2/INFERENCE/PRESENSE/image_31182.jpeg,chinthaka st,LK-82,,4,Monaragala 1
31187,112438,98898,2025-04-26 06:40:52.155,2025-04-25 11:25:38.875,arn:aws:s3:::retailer-brand-analysis/Prod/RETAILER/98898/2/ORIGINAL/image_31187.jpeg,6.8731295,81.3510693,Uva,Moneragala,Moneragala,Moneragala,Monaragala,Uva Sabaragamuwa,2,0,0,0,100.00000000000000000,0.00000000000000000,0.00000000000000000,0.00000000000000000,arn:aws:s3:::retailer-brand-analysis/Prod/RETAILER/98898/2/INFERENCE/PRESENSE/image_31187.jpeg,Chandana Stores,LK-82,,4,Monaragala 1
30415,1786992,1400566,2025-04-26 06:40:52.155,2025-04-25 10:09:43.701,arn:aws:s3:::retailer-brand-analysis/Prod/RETAILER/1400566/2/ORIGINAL/image_30415.jpeg,9.5793242,79.8407036,Northern,Jaffna,Velanai,Pungudutivu,Jaffna,Northern,2,0,0,1,99.06680745412516842,0.93319254587483236,0.00000000000000000,0.00000000000000000,arn:aws:s3:::retailer-brand-analysis/Prod/RETAILER/1400566/2/INFERENCE/PRESENSE/image_30415.jpeg,Luxana store,LK-41,,4,Jaffna Inner
31146,719813,582686,2025-04-26 06:39:54.380,2025-04-25 11:20:27.468,arn:aws:s3:::retailer-brand-analysis/Prod/RETAILER/582686/2/ORIGINAL/image_31146.jpeg,9.717467,79.9818816,Northern,Jaffna,Sandilipay,Navali North,Jaffna,Northern,6,0,0,0,100.00000000000000000,0.00000000000000000,0.00000000000000000,0.00000000000000000,arn:aws:s3:::retailer-brand-analysis/Prod/RETAILER/582686/2/INFERENCE/PRESENSE/image_31146.jpeg,Dajan stors,LK-41,,4,Jaffna Inner
32035,1522512,1207646,2025-04-26 06:39:54.380,2025-04-25 14:21:55.817,arn:aws:s3:::retailer-brand-analysis/Prod/RETAILER/1207646/2/ORIGINAL/image_32035.jpeg,9.7721307,80.1095314,Northern,Jaffna,Kopay,Atchuvely South,Jaffna,Northern,0,1,0,0,0.00000000000000000,0.00000000000000000,100.00000000000000000,0.00000000000000000,arn:aws:s3:::retailer-brand-analysis/Prod/RETAILER/1207646/2/INFERENCE/PRESENSE/image_32035.jpeg,Global Food Mart,LK-41,,4,Jaffna Inner
30892,172414,131887,2025-04-26 06:39:54.380,2025-04-25 10:56:15.504,arn:aws:s3:::retailer-brand-analysis/Prod/RETAILER/131887/2/ORIGINAL/image_30892.jpeg,9.7887363,79.983436,Northern,Jaffna,Sandilipay,Periyavillan,Jaffna,Northern,3,0,0,0,100.00000000000000000,0.00000000000000000,0.00000000000000000,0.00000000000000000,arn:aws:s3:::retailer-brand-analysis/Prod/RETAILER/131887/2/INFERENCE/PRESENSE/image_30892.jpeg,Shanujan Stores,LK-41,,4,Jaffna Inner
29133,986772,770986,2025-04-26 06:39:54.380,2025-04-24 12:21:47.372,arn:aws:s3:::retailer-brand-analysis/Prod/RETAILER/770986/2/ORIGINAL/image_29133.jpeg,9.7289209,80.0127611,Northern,Jaffna,Uduvil,Uduvil Centre,Jaffna,Northern,10,0,0,0,100.00000000000000000,0.00000000000000000,0.00000000000000000,0.00000000000000000,arn:aws:s3:::retailer-brand-analysis/Prod/RETAILER/770986/2/INFERENCE/PRESENSE/image_29133.jpeg,Lenin store,LK-41,,4,Jaffna Inner
30848,68902,59663,2025-04-26 06:39:54.380,2025-04-25 10:51:15.173,arn:aws:s3:::retailer-brand-analysis/Prod/RETAILER/59663/2/ORIGINAL/image_30848.jpeg,9.7189812,80.0099976,Northern,Jaffna,Uduvil,Uduvil South  East,Jaffna,Northern,1,1,0,0,82.42228249530565165,0.00000000000000000,17.57771750469434480,0.00000000000000000,arn:aws:s3:::retailer-brand-analysis/Prod/RETAILER/59663/2/INFERENCE/PRESENSE/image_30848.jpeg,Karan Stores,LK-41,,4,Jaffna Inner
31329,68723,28724,2025-04-26 06:39:54.380,2025-04-25 11:47:11.277,arn:aws:s3:::retailer-brand-analysis/Prod/RETAILER/28724/2/ORIGINAL/image_31329.jpeg,9.7877656,80.1193745,Northern,Jaffna,Kopay,Pathameny,Jaffna,Northern,0,0,0,0,0.00000000000000000,0.00000000000000000,0.00000000000000000,0.00000000000000000,arn:aws:s3:::retailer-brand-analysis/Prod/RETAILER/28724/2/INFERENCE/PRESENSE/image_31329.jpeg,Ruban Stores,LK-41,,4,Jaffna Inner
31450,66110,15538,2025-04-26 06:39:54.380,2025-04-25 12:05:44.871,arn:aws:s3:::retailer-brand-analysis/Prod/RETAILER/15538/2/ORIGINAL/image_31450.jpeg,9.583885,79.8207446,Northern,Jaffna,Velanai,Pungudutivu Centre South,Jaffna,Northern,0,0,1,2,0.00000000000000000,52.86307053941909118,0.00000000000000000,47.13692946058090882,arn:aws:s3:::retailer-brand-analysis/Prod/RETAILER/15538/2/INFERENCE/PRESENSE/image_31450.jpeg,Murugan Stores,LK-41,,4,Jaffna Inner
31924,2121463,1660237,2025-04-26 06:39:54.380,2025-04-25 13:46:17.034,arn:aws:s3:::retailer-brand-analysis/Prod/RETAILER/1660237/2/ORIGINAL/image_31924.jpeg,8.692699,80.2734232,Northern,Vavuniya,Vengalacheddiculam,Andiyapuliyankulam,Vavuniya,Northern,0,0,0,0,0.00000000000000000,0.00000000000000000,0.00000000000000000,0.00000000000000000,arn:aws:s3:::retailer-brand-analysis/Prod/RETAILER/1660237/2/INFERENCE/PRESENSE/image_31924.jpeg,Kasmitha Stores,LK-44,,4,Vavuniya
31266,885152,701366,2025-04-26 06:39:54.380,2025-04-25 11:36:41.666,arn:aws:s3:::retailer-brand-analysis/Prod/RETAILER/701366/2/ORIGINAL/image_31266.jpeg,6.872212,81.3501396,Uva,Moneragala,Moneragala,Moneragala,Monaragala,Uva Sabaragamuwa,2,0,0,0,100.00000000000000000,0.00000000000000000,0.00000000000000000,0.00000000000000000,arn:aws:s3:::retailer-brand-analysis/Prod/RETAILER/701366/2/INFERENCE/PRESENSE/image_31266.jpeg,Sumanasiri stores,LK-82,,4,Monaragala 1
32138,242584,314212,2025-04-26 06:39:54.380,2025-04-25 15:03:07.806,arn:aws:s3:::retailer-brand-analysis/Prod/RETAILER/314212/2/ORIGINAL/image_32138.jpeg,6.8719775,81.3516236,Uva,Moneragala,Moneragala,Moneragala,Monaragala,Uva Sabaragamuwa,0,0,0,0,0.00000000000000000,0.00000000000000000,0.00000000000000000,0.00000000000000000,arn:aws:s3:::retailer-brand-analysis/Prod/RETAILER/314212/2/INFERENCE/PRESENSE/image_32138.jpeg,Samanala Phone Shop,LK-82,,4,Monaragala 1
30038,56617,81489,2025-04-26 06:39:54.380,2025-04-25 09:09:44.085,arn:aws:s3:::retailer-brand-analysis/Prod/RETAILER/81489/2/ORIGINAL/image_30038.jpeg,6.3665566,80.9288956,Uva,Moneragala,Sewanagala,Sevanagala,Monaragala,Uva Sabaragamuwa,6,0,1,0,79.99163267440644631,0.00000000000000000,0.00000000000000000,20.00836732559355724,arn:aws:s3:::retailer-brand-analysis/Prod/RETAILER/81489/2/INFERENCE/PRESENSE/image_30038.jpeg,Lahiru Stores,LK-82,,4,Monaragala 2
31388,199743,150977,2025-04-26 06:39:54.380,2025-04-25 11:55:18.564,arn:aws:s3:::retailer-brand-analysis/Prod/RETAILER/150977/2/ORIGINAL/image_31388.jpeg,8.7043584,80.3441128,Northern,Vavuniya,Vengalacheddiculam,Kurukkalputhukullam,Vavuniya,Northern,3,0,1,2,81.14252823944168824,14.94352111662709603,0.00000000000000000,3.91395064393121794,arn:aws:s3:::retailer-brand-analysis/Prod/RETAILER/150977/2/INFERENCE/PRESENSE/image_31388.jpeg,R.K stores ,LK-44,,4,Vavuniya
32146,576272,488326,2025-04-26 06:39:54.380,2025-04-25 15:06:59.023,arn:aws:s3:::retailer-brand-analysis/Prod/RETAILER/488326/2/ORIGINAL/image_32146.jpeg,6.8720203,81.3516021,Uva,Moneragala,Moneragala,Moneragala,Monaragala,Uva Sabaragamuwa,5,2,0,0,74.19643083474866785,0.00000000000000000,25.80356916525133926,0.00000000000000000,arn:aws:s3:::retailer-brand-analysis/Prod/RETAILER/488326/2/INFERENCE/PRESENSE/image_32146.jpeg,Chathuranga Stores,LK-82,,4,Monaragala 1
31466,65532,72243,2025-04-26 06:39:54.380,2025-04-25 12:08:38.811,arn:aws:s3:::retailer-brand-analysis/Prod/RETAILER/72243/2/ORIGINAL/image_31466.jpeg,9.7192925,80.0184943,Northern,Jaffna,Uduvil,Inuvil West,Jaffna,Northern,1,0,0,0,100.00000000000000000,0.00000000000000000,0.00000000000000000,0.00000000000000000,arn:aws:s3:::retailer-brand-analysis/Prod/RETAILER/72243/2/INFERENCE/PRESENSE/image_31466.jpeg,Sivan Stores,LK-41,,4,Jaffna Inner
29107,66550,17110,2025-04-26 06:39:54.380,2025-04-24 12:17:37.472,arn:aws:s3:::retailer-brand-analysis/Prod/RETAILER/17110/2/ORIGINAL/image_29107.jpeg,9.8140591,80.0131425,Northern,Jaffna,Tellipallai,Naguleswaram,Jaffna,Northern,5,0,0,0,100.00000000000000000,0.00000000000000000,0.00000000000000000,0.00000000000000000,arn:aws:s3:::retailer-brand-analysis/Prod/RETAILER/17110/2/INFERENCE/PRESENSE/image_29107.jpeg,Piragalaath Bavan,LK-41,,4,Jaffna Inner
31958,65851,59741,2025-04-26 06:39:54.380,2025-04-25 13:57:59.383,arn:aws:s3:::retailer-brand-analysis/Prod/RETAILER/59741/2/ORIGINAL/image_31958.jpeg,9.7778355,80.1151893,Northern,Jaffna,Kopay,Atchuvely North,Jaffna,Northern,0,0,0,0,0.00000000000000000,0.00000000000000000,0.00000000000000000,0.00000000000000000,arn:aws:s3:::retailer-brand-analysis/Prod/RETAILER/59741/2/INFERENCE/PRESENSE/image_31958.jpeg,Vimala Store,LK-41,,4,Jaffna Inner
32018,199019,150406,2025-04-26 06:39:54.380,2025-04-25 14:14:56.007,arn:aws:s3:::retailer-brand-analysis/Prod/RETAILER/150406/2/ORIGINAL/image_32018.jpeg,6.8470842,81.3497385,Uva,Moneragala,Moneragala,Hulandawa Left,Monaragala,Uva Sabaragamuwa,3,0,0,0,100.00000000000000000,0.00000000000000000,0.00000000000000000,0.00000000000000000,arn:aws:s3:::retailer-brand-analysis/Prod/RETAILER/150406/2/INFERENCE/PRESENSE/image_32018.jpeg,9 Kade,LK-82,,4,Monaragala 1
28195,319436,378866,2025-04-26 06:39:54.380,2025-04-24 10:37:39.537,arn:aws:s3:::retailer-brand-analysis/Prod/RETAILER/378866/2/ORIGINAL/image_28195.jpeg,6.9360048,81.0373329,Uva,Badulla,Hali Ela,Mugunumatha East,Badulla,Uva Sabaragamuwa,5,5,0,0,72.97953933735082899,0.00000000000000000,27.02046066264916391,0.00000000000000000,arn:aws:s3:::retailer-brand-analysis/Prod/RETAILER/378866/2/INFERENCE/PRESENSE/image_28195.jpeg,SHAN FANCY,LK-81,,4,Badulla 1
32169,66781,17657,2025-04-26 06:39:54.380,2025-04-25 15:13:41.488,arn:aws:s3:::retailer-brand-analysis/Prod/RETAILER/17657/2/ORIGINAL/image_32169.jpeg,8.7187301,80.2549576,Northern,Vavuniya,Vengalacheddiculam,Andiyapuliyankulam,Vavuniya,Northern,0,0,0,0,0.00000000000000000,0.00000000000000000,0.00000000000000000,0.00000000000000000,arn:aws:s3:::retailer-brand-analysis/Prod/RETAILER/17657/2/INFERENCE/PRESENSE/image_32169.jpeg,THILLAI GNANAM MULTY SHOP,LK-44,,4,Vavuniya
29130,51835,56615,2025-04-26 06:39:54.380,2025-04-24 12:21:37.446,arn:aws:s3:::retailer-brand-analysis/Prod/RETAILER/56615/2/ORIGINAL/image_29130.jpeg,6.8678296,81.3471501,Uva,Moneragala,Moneragala,Viharamulla,Monaragala,Uva Sabaragamuwa,14,0,0,0,100.00000000000000000,0.00000000000000000,0.00000000000000000,0.00000000000000000,arn:aws:s3:::retailer-brand-analysis/Prod/RETAILER/56615/2/INFERENCE/PRESENSE/image_29130.jpeg,Kavidu Vedio,LK-82,,4,Monaragala 1
30579,213266,162339,2025-04-26 06:39:54.380,2025-04-25 10:25:01.581,arn:aws:s3:::retailer-brand-analysis/Prod/RETAILER/162339/2/ORIGINAL/image_30579.jpeg,9.7762834,79.9813386,Northern,Jaffna,Sandilipay,Pandatheruppu,Jaffna,Northern,0,0,1,0,0.00000000000000000,0.00000000000000000,0.00000000000000000,100.00000000000000000,arn:aws:s3:::retailer-brand-analysis/Prod/RETAILER/162339/2/INFERENCE/PRESENSE/image_30579.jpeg,Baamini Store,LK-41,,4,Jaffna Inner
32189,727374,588866,2025-04-26 06:39:54.380,2025-04-25 15:19:19.446,arn:aws:s3:::retailer-brand-analysis/Prod/RETAILER/588866/2/ORIGINAL/image_32189.jpeg,6.8720759,81.3518339,Uva,Moneragala,Moneragala,Moneragala,Monaragala,Uva Sabaragamuwa,13,1,0,4,85.69707334136576549,13.27629189963520950,1.02663475899901724,0.00000000000000000,arn:aws:s3:::retailer-brand-analysis/Prod/RETAILER/588866/2/INFERENCE/PRESENSE/image_32189.jpeg,Samanala Mobile,LK-82,,4,Monaragala 1
29128,66565,51568,2025-04-26 06:39:54.380,2025-04-24 12:21:09.118,arn:aws:s3:::retailer-brand-analysis/Prod/RETAILER/51568/2/ORIGINAL/image_29128.jpeg,9.8123064,80.0120943,Northern,Jaffna,Tellipallai,Naguleswaram,Jaffna,Northern,3,0,0,1,75.02106657036235049,24.97893342963765306,0.00000000000000000,0.00000000000000000,arn:aws:s3:::retailer-brand-analysis/Prod/RETAILER/51568/2/INFERENCE/PRESENSE/image_29128.jpeg,Saalini store,LK-41,,4,Jaffna Inner
32226,72077,49304,2025-04-26 06:39:54.380,2025-04-25 15:35:37.000,arn:aws:s3:::retailer-brand-analysis/Prod/RETAILER/49304/2/ORIGINAL/image_32226.jpeg,6.8723905,81.3520504,Uva,Moneragala,Moneragala,Moneragala,Monaragala,Uva Sabaragamuwa,2,1,0,0,76.07813834329633096,0.00000000000000000,23.92186165670367259,0.00000000000000000,arn:aws:s3:::retailer-brand-analysis/Prod/RETAILER/49304/2/INFERENCE/PRESENSE/image_32226.jpeg,Lanka photo com,LK-82,,4,Monaragala 1
30887,984652,769666,2025-04-26 06:39:54.380,2025-04-25 10:55:41.581,arn:aws:s3:::retailer-brand-analysis/Prod/RETAILER/769666/2/ORIGINAL/image_30887.jpeg,9.7300238,79.9760951,Northern,Jaffna,Sandilipay,Manipay West,Jaffna,Northern,1,0,0,0,100.00000000000000000,0.00000000000000000,0.00000000000000000,0.00000000000000000,arn:aws:s3:::retailer-brand-analysis/Prod/RETAILER/769666/2/INFERENCE/PRESENSE/image_30887.jpeg,Manchu store,LK-41,,4,Jaffna Inner
30265,69016,35269,2025-04-26 06:39:54.380,2025-04-25 09:54:40.604,arn:aws:s3:::retailer-brand-analysis/Prod/RETAILER/35269/2/ORIGINAL/image_30265.jpeg,9.7145077,80.0181657,Northern,Jaffna,Uduvil,Inuvil South West,Jaffna,Northern,0,0,0,1,0.00000000000000000,100.00000000000000000,0.00000000000000000,0.00000000000000000,arn:aws:s3:::retailer-brand-analysis/Prod/RETAILER/35269/2/INFERENCE/PRESENSE/image_30265.jpeg,Siva Stores Thavady,LK-41,,4,Jaffna Inner
31914,65882,54261,2025-04-26 06:39:54.380,2025-04-25 13:43:31.619,arn:aws:s3:::retailer-brand-analysis/Prod/RETAILER/54261/2/ORIGINAL/image_31914.jpeg,9.7789029,80.1161592,Northern,Jaffna,Kopay,Atchuvely North,Jaffna,Northern,8,0,0,0,100.00000000000000000,0.00000000000000000,0.00000000000000000,0.00000000000000000,arn:aws:s3:::retailer-brand-analysis/Prod/RETAILER/54261/2/INFERENCE/PRESENSE/image_31914.jpeg,THIRU P.C.MOBILE,LK-41,,4,Jaffna Inner
30021,87373,83828,2025-04-26 06:39:54.380,2025-04-25 09:02:10.015,arn:aws:s3:::retailer-brand-analysis/Prod/RETAILER/83828/2/ORIGINAL/image_30021.jpeg,6.3665566,80.9288956,Uva,Moneragala,Sewanagala,Sevanagala,Monaragala,Uva Sabaragamuwa,4,0,1,1,61.18621361588113672,26.50915438639223609,0.00000000000000000,12.30463199772662719,arn:aws:s3:::retailer-brand-analysis/Prod/RETAILER/83828/2/INFERENCE/PRESENSE/image_30021.jpeg,KULATHUNGA STORES,LK-82,,4,Monaragala 2
30454,213375,162414,2025-04-26 06:39:54.380,2025-04-25 10:13:33.175,arn:aws:s3:::retailer-brand-analysis/Prod/RETAILER/162414/2/ORIGINAL/image_30454.jpeg,9.7057644,79.9932228,Northern,Jaffna,Sandilipay,Anaikoddai,Jaffna,Northern,3,0,0,0,100.00000000000000000,0.00000000000000000,0.00000000000000000,0.00000000000000000,arn:aws:s3:::retailer-brand-analysis/Prod/RETAILER/162414/2/INFERENCE/PRESENSE/image_30454.jpeg,Yaathuran store,LK-41,,4,Jaffna Inner
28723,1197112,59346,2025-04-26 06:39:54.380,2025-04-24 11:30:36.045,arn:aws:s3:::retailer-brand-analysis/Prod/RETAILER/59346/2/ORIGINAL/image_28723.jpeg,9.7331606,80.0596042,Northern,Jaffna,Kopay,Urumpirai East,Jaffna,Northern,8,0,0,1,93.40583571003227803,6.59416428996771842,0.00000000000000000,0.00000000000000000,arn:aws:s3:::retailer-brand-analysis/Prod/RETAILER/59346/2/INFERENCE/PRESENSE/image_28723.jpeg,NIROTH CD HOME,LK-41,,4,Jaffna Inner
32243,66820,27471,2025-04-26 06:39:54.380,2025-04-25 15:43:50.709,arn:aws:s3:::retailer-brand-analysis/Prod/RETAILER/27471/2/ORIGINAL/image_32243.jpeg,8.660387,80.3122454,Northern,Vavuniya,Vengalacheddiculam,Kankankulam,Vavuniya,Northern,0,0,0,0,0.00000000000000000,0.00000000000000000,0.00000000000000000,0.00000000000000000,arn:aws:s3:::retailer-brand-analysis/Prod/RETAILER/27471/2/INFERENCE/PRESENSE/image_32243.jpeg,New Amman Traders,LK-44,,4,Vavuniya
31951,66779,16924,2025-04-26 06:39:54.380,2025-04-25 13:56:43.579,arn:aws:s3:::retailer-brand-analysis/Prod/RETAILER/16924/2/ORIGINAL/image_31951.jpeg,8.6957301,80.2723781,Northern,Vavuniya,Vengalacheddiculam,Andiyapuliyankulam,Vavuniya,Northern,0,0,0,0,0.00000000000000000,0.00000000000000000,0.00000000000000000,0.00000000000000000,arn:aws:s3:::retailer-brand-analysis/Prod/RETAILER/16924/2/INFERENCE/PRESENSE/image_31951.jpeg,Viraiya stores,LK-44,,4,Vavuniya
29994,52262,48126,2025-04-26 06:39:54.380,2025-04-25 08:33:24.640,arn:aws:s3:::retailer-brand-analysis/Prod/RETAILER/48126/2/ORIGINAL/image_29994.jpeg,6.3423573,80.9178358,Uva,Moneragala,Sewanagala,Bahirawa,Monaragala,Uva Sabaragamuwa,5,0,0,1,93.83616407821094185,6.16383592178906348,0.00000000000000000,0.00000000000000000,arn:aws:s3:::retailer-brand-analysis/Prod/RETAILER/48126/2/INFERENCE/PRESENSE/image_29994.jpeg,Sha Cellular & Elecronics,LK-82,,4,Monaragala 2
33880,53327,41824,2025-05-03 06:35:02.873,2025-04-26 13:55:02.591,arn:aws:s3:::retailer-brand-analysis/Prod/RETAILER/41824/2/ORIGINAL/image_33880.jpeg,7.2622938,81.0810087,Uva,Badulla,Rideemaliyadda,Andaulpotha,Badulla,Uva Sabaragamuwa,1,0,0,0,100.00000000000000000,0.00000000000000000,0.00000000000000000,0.00000000000000000,arn:aws:s3:::retailer-brand-analysis/Prod/RETAILER/41824/2/INFERENCE/PRESENSE/image_33880.jpeg,CHAMI COMMUNICATION,LK-81,8540358B99390752625479,4,Badulla 3
34212,1491892,1184586,2025-05-03 06:35:02.873,2025-04-28 11:28:56.887,arn:aws:s3:::retailer-brand-analysis/Prod/RETAILER/1184586/2/ORIGINAL/image_34212.jpeg,6.7095021,81.1072583,Uva,Moneragala,Wellawaya,Yalabowa,Monaragala,Uva Sabaragamuwa,3,1,0,0,99.55560184702983406,0.00000000000000000,0.44439815297017671,0.00000000000000000,arn:aws:s3:::retailer-brand-analysis/Prod/RETAILER/1184586/2/INFERENCE/PRESENSE/image_34212.jpeg,Hemachandra Stores,LK-82,8540358B47422238730393,4,Monaragala 2
31648,70244,4067,2025-05-03 06:35:02.873,2025-04-25 12:51:08.637,arn:aws:s3:::retailer-brand-analysis/Prod/RETAILER/4067/2/ORIGINAL/image_31648.jpeg,9.3138527,80.6966516,Northern,Mullaitivu,Puthukkudiyiruppu,Puthukkudiyiruppu East,Mullaitivu,Northern,0,1,0,0,0.00000000000000000,0.00000000000000000,100.00000000000000000,0.00000000000000000,arn:aws:s3:::retailer-brand-analysis/Prod/RETAILER/4067/2/INFERENCE/PRESENSE/image_31648.jpeg,Anparaasy Pharmacy,LK-45,8540358B1256913441861,4,Mullaitivu
35101,54623,9144,2025-05-03 06:35:02.873,2025-04-29 12:37:24.411,arn:aws:s3:::retailer-brand-analysis/Prod/RETAILER/9144/2/ORIGINAL/image_35101.jpeg,6.5043702,80.6514926,Sabaragamuwa,Rathnapura,Godakawela,Warayaya,Rathnapura,Uva Sabaragamuwa,1,0,0,0,100.00000000000000000,0.00000000000000000,0.00000000000000000,0.00000000000000000,arn:aws:s3:::retailer-brand-analysis/Prod/RETAILER/9144/2/INFERENCE/PRESENSE/image_35101.jpeg,SANKO COMMUNICATION,LK-91,8540358B7727965052265,4,Rathnapura 2
35249,53760,6488,2025-05-03 06:35:02.873,2025-04-29 13:57:47.349,arn:aws:s3:::retailer-brand-analysis/Prod/RETAILER/6488/2/ORIGINAL/image_35249.jpeg,7.4720941,81.0176859,Uva,Badulla,Mahiyanganaya,Girandurukotte,Badulla,Uva Sabaragamuwa,2,0,0,0,100.00000000000000000,0.00000000000000000,0.00000000000000000,0.00000000000000000,arn:aws:s3:::retailer-brand-analysis/Prod/RETAILER/6488/2/INFERENCE/PRESENSE/image_35249.jpeg,PALITHA CELEULER,LK-81,8540358B35923048930978,4,Badulla 3
34225,52983,40416,2025-05-03 06:35:02.873,2025-04-28 11:39:59.085,arn:aws:s3:::retailer-brand-analysis/Prod/RETAILER/40416/2/ORIGINAL/image_34225.jpeg,6.9884978,81.0581743,Uva,Badulla,Badulla,Badulupitiya,Badulla,Uva Sabaragamuwa,0,0,0,0,0.00000000000000000,0.00000000000000000,0.00000000000000000,0.00000000000000000,arn:aws:s3:::retailer-brand-analysis/Prod/RETAILER/40416/2/INFERENCE/PRESENSE/image_34225.jpeg,prabba agencies,LK-81,8540358B84553167616423,4,Badulla 1
